"filename", "language", "JavaScript", "PHP", "JSON", "XML", "Markdown", "SCSS", "PostCSS", "MS SQL", "comment", "blank", "total"
"/home/zougmore/annuaire5/README.md", "Markdown", 0, 0, 0, 0, 40, 0, 0, 0, 0, 22, 62
"/home/zougmore/annuaire5/app/Console/Commands/CheckLeaveAvailability.php", "PHP", 0, 19, 0, 0, 0, 0, 0, 0, 13, 5, 37
"/home/zougmore/annuaire5/app/Console/Commands/CleanupNotifications.php", "PHP", 0, 11, 0, 0, 0, 0, 0, 0, 14, 6, 31
"/home/zougmore/annuaire5/app/Console/Commands/CreateLeaveReminders.php", "PHP", 0, 11, 0, 0, 0, 0, 0, 0, 14, 6, 31
"/home/zougmore/annuaire5/app/Console/Commands/GenerateLeaveReports.php", "PHP", 0, 11, 0, 0, 0, 0, 0, 0, 14, 6, 31
"/home/zougmore/annuaire5/app/Console/Commands/InitialiserQuotasAnnuels.php", "PHP", 0, 35, 0, 0, 0, 0, 0, 0, 0, 13, 48
"/home/zougmore/annuaire5/app/Console/Commands/MakeServiceCommand.php", "PHP", 0, 11, 0, 0, 0, 0, 0, 0, 14, 7, 32
"/home/zougmore/annuaire5/app/Console/Commands/ResetLeaveQuotas.php", "PHP", 0, 17, 0, 0, 0, 0, 0, 0, 13, 7, 37
"/home/zougmore/annuaire5/app/Console/Commands/SendScheduledNotifications.php", "PHP", 0, 11, 0, 0, 0, 0, 0, 0, 14, 6, 31
"/home/zougmore/annuaire5/app/Console/Commands/UpdateLeaveQuotas.php", "PHP", 0, 11, 0, 0, 0, 0, 0, 0, 14, 6, 31
"/home/zougmore/annuaire5/app/Console/Kernel.php", "PHP", 0, 35, 0, 0, 0, 0, 0, 0, 12, 10, 57
"/home/zougmore/annuaire5/app/Exports/RapportCompletExport.php", "PHP", 0, 20, 0, 0, 0, 0, 0, 0, 0, 5, 25
"/home/zougmore/annuaire5/app/Exports/RapportsExport.php", "PHP", 0, 80, 0, 0, 0, 0, 0, 0, 6, 14, 100
"/home/zougmore/annuaire5/app/Http/Controllers/Admin/AdminDashboardController.php", "PHP", 0, 97, 0, 0, 0, 0, 0, 0, 56, 23, 176
"/home/zougmore/annuaire5/app/Http/Controllers/Admin/AdminUserController.php", "PHP", 0, 192, 0, 0, 0, 0, 0, 0, 18, 41, 251
"/home/zougmore/annuaire5/app/Http/Controllers/Admin/PlanningController.php", "PHP", 0, 12, 0, 0, 0, 0, 0, 0, 1, 5, 18
"/home/zougmore/annuaire5/app/Http/Controllers/Admin/SettingsController.php", "PHP", 0, 195, 0, 0, 0, 0, 0, 0, 18, 38, 251
"/home/zougmore/annuaire5/app/Http/Controllers/Admin/StatistiquesController.php", "PHP", 0, 19, 0, 0, 0, 0, 0, 0, 0, 5, 24
"/home/zougmore/annuaire5/app/Http/Controllers/AdminDashboardController.php", "PHP", 0, 44, 0, 0, 0, 0, 0, 0, 6, 14, 64
"/home/zougmore/annuaire5/app/Http/Controllers/AdminUserController.php", "PHP", 0, 173, 0, 0, 0, 0, 0, 0, 12, 48, 233
"/home/zougmore/annuaire5/app/Http/Controllers/AgentDashboardController.php", "PHP", 0, 115, 0, 0, 0, 0, 0, 0, 23, 25, 163
"/home/zougmore/annuaire5/app/Http/Controllers/Auth/AuthenticatedSessionController.php", "PHP", 0, 53, 0, 0, 0, 0, 0, 0, 26, 18, 97
"/home/zougmore/annuaire5/app/Http/Controllers/Auth/ConfirmPasswordController.php", "PHP", 0, 13, 0, 0, 0, 0, 0, 0, 20, 7, 40
"/home/zougmore/annuaire5/app/Http/Controllers/Auth/ConfirmablePasswordController.php", "PHP", 0, 28, 0, 0, 0, 0, 0, 0, 6, 7, 41
"/home/zougmore/annuaire5/app/Http/Controllers/Auth/EmailVerificationNotificationController.php", "PHP", 0, 16, 0, 0, 0, 0, 0, 0, 3, 6, 25
"/home/zougmore/annuaire5/app/Http/Controllers/Auth/EmailVerificationPromptController.php", "PHP", 0, 15, 0, 0, 0, 0, 0, 0, 3, 4, 22
"/home/zougmore/annuaire5/app/Http/Controllers/Auth/ForgotPasswordController.php", "PHP", 0, 8, 0, 0, 0, 0, 0, 0, 10, 5, 23
"/home/zougmore/annuaire5/app/Http/Controllers/Auth/LdapLoginController.php", "PHP", 0, 142, 0, 0, 0, 0, 0, 0, 23, 33, 198
"/home/zougmore/annuaire5/app/Http/Controllers/Auth/LoginController.php", "PHP", 0, 29, 0, 0, 0, 0, 0, 0, 2, 6, 37
"/home/zougmore/annuaire5/app/Http/Controllers/Auth/NewPasswordController.php", "PHP", 0, 41, 0, 0, 0, 0, 0, 0, 14, 8, 63
"/home/zougmore/annuaire5/app/Http/Controllers/Auth/PasswordController.php", "PHP", 0, 21, 0, 0, 0, 0, 0, 0, 3, 6, 30
"/home/zougmore/annuaire5/app/Http/Controllers/Auth/PasswordResetLinkController.php", "PHP", 0, 27, 0, 0, 0, 0, 0, 0, 11, 7, 45
"/home/zougmore/annuaire5/app/Http/Controllers/Auth/RegisterController.php", "PHP", 0, 47, 0, 0, 0, 0, 0, 0, 1, 9, 57
"/home/zougmore/annuaire5/app/Http/Controllers/Auth/RegisteredUserController.php", "PHP", 0, 34, 0, 0, 0, 0, 0, 0, 8, 9, 51
"/home/zougmore/annuaire5/app/Http/Controllers/Auth/ResetPasswordController.php", "PHP", 0, 9, 0, 0, 0, 0, 0, 0, 15, 6, 30
"/home/zougmore/annuaire5/app/Http/Controllers/Auth/VerificationController.php", "PHP", 0, 26, 0, 0, 0, 0, 0, 0, 22, 12, 60
"/home/zougmore/annuaire5/app/Http/Controllers/Auth/VerifyEmailController.php", "PHP", 0, 19, 0, 0, 0, 0, 0, 0, 3, 6, 28
"/home/zougmore/annuaire5/app/Http/Controllers/AuthController.php", "PHP", 0, 82, 0, 0, 0, 0, 0, 0, 0, 17, 99
"/home/zougmore/annuaire5/app/Http/Controllers/Controller.php", "PHP", 0, 9, 0, 0, 0, 0, 0, 0, 0, 4, 13
"/home/zougmore/annuaire5/app/Http/Controllers/DashboardController.php", "PHP", 0, 10, 0, 0, 0, 0, 0, 0, 0, 3, 13
"/home/zougmore/annuaire5/app/Http/Controllers/DemandeController.php", "PHP", 0, 351, 0, 0, 0, 0, 0, 0, 89, 89, 529
"/home/zougmore/annuaire5/app/Http/Controllers/DrhController.php", "PHP", 0, 321, 0, 0, 0, 0, 0, 0, 71, 75, 467
"/home/zougmore/annuaire5/app/Http/Controllers/HomeController.php", "PHP", 0, 24, 0, 0, 0, 0, 0, 0, 7, 5, 36
"/home/zougmore/annuaire5/app/Http/Controllers/LeaveController.php", "PHP", 0, 36, 0, 0, 0, 0, 0, 0, 0, 6, 42
"/home/zougmore/annuaire5/app/Http/Controllers/NotificationController.php", "PHP", 0, 34, 0, 0, 0, 0, 0, 0, 1, 12, 47
"/home/zougmore/annuaire5/app/Http/Controllers/ParametreController.php", "PHP", 0, 46, 0, 0, 0, 0, 0, 0, 6, 14, 66
"/home/zougmore/annuaire5/app/Http/Controllers/PresidentDashboardController.php", "PHP", 0, 197, 0, 0, 0, 0, 0, 0, 86, 62, 345
"/home/zougmore/annuaire5/app/Http/Controllers/ProfileController.php", "PHP", 0, 61, 0, 0, 0, 0, 0, 0, 18, 20, 99
"/home/zougmore/annuaire5/app/Http/Controllers/RapportController.php", "PHP", 0, 172, 0, 0, 0, 0, 0, 0, 35, 31, 238
"/home/zougmore/annuaire5/app/Http/Controllers/ResponsableController.php", "PHP", 0, 242, 0, 0, 0, 0, 0, 0, 116, 60, 418
"/home/zougmore/annuaire5/app/Http/Controllers/SgController.php", "PHP", 0, 197, 0, 0, 0, 0, 0, 0, 86, 62, 345
"/home/zougmore/annuaire5/app/Http/Controllers/TraitementController.php", "PHP", 0, 0, 0, 0, 0, 0, 0, 0, 0, 1, 1
"/home/zougmore/annuaire5/app/Http/Controllers/TypeDemandeController.php", "PHP", 0, 0, 0, 0, 0, 0, 0, 0, 0, 1, 1
"/home/zougmore/annuaire5/app/Http/Controllers/UserController.php", "PHP", 0, 36, 0, 0, 0, 0, 0, 0, 2, 9, 47
"/home/zougmore/annuaire5/app/Http/Kernel.php", "PHP", 0, 59, 0, 0, 0, 0, 0, 0, 10, 6, 75
"/home/zougmore/annuaire5/app/Http/Middleware/AdminMiddleware.php", "PHP", 0, 14, 0, 0, 0, 0, 0, 0, 0, 5, 19
"/home/zougmore/annuaire5/app/Http/Middleware/CheckCanProcessRequest.php", "PHP", 0, 27, 0, 0, 0, 0, 0, 0, 4, 7, 38
"/home/zougmore/annuaire5/app/Http/Middleware/CheckDRH.php", "PHP", 0, 22, 0, 0, 0, 0, 0, 0, 2, 7, 31
"/home/zougmore/annuaire5/app/Http/Middleware/CheckDRHPermissions.php", "PHP", 0, 28, 0, 0, 0, 0, 0, 0, 2, 8, 38
"/home/zougmore/annuaire5/app/Http/Middleware/CheckLeavePeriod.php", "PHP", 0, 16, 0, 0, 0, 0, 0, 0, 5, 4, 25
"/home/zougmore/annuaire5/app/Http/Middleware/CheckLeaveQuotas.php", "PHP", 0, 18, 0, 0, 0, 0, 0, 0, 5, 6, 29
"/home/zougmore/annuaire5/app/Http/Middleware/CheckResponsible.php", "PHP", 0, 19, 0, 0, 0, 0, 0, 0, 1, 6, 26
"/home/zougmore/annuaire5/app/Http/Middleware/CheckRole.php", "PHP", 0, 48, 0, 0, 0, 0, 0, 0, 18, 8, 74
"/home/zougmore/annuaire5/app/Http/Middleware/CheckUserStatus.php", "PHP", 0, 17, 0, 0, 0, 0, 0, 0, 5, 5, 27
"/home/zougmore/annuaire5/app/Http/Middleware/DrhMiddleware.php", "PHP", 0, 15, 0, 0, 0, 0, 0, 0, 0, 5, 20
"/home/zougmore/annuaire5/app/Http/Middleware/RedirectBasedOnRole.php", "PHP", 0, 21, 0, 0, 0, 0, 0, 0, 1, 7, 29
"/home/zougmore/annuaire5/app/Http/Middleware/RedirectIfAuthenticatedByRole.php", "PHP", 0, 24, 0, 0, 0, 0, 0, 0, 0, 7, 31
"/home/zougmore/annuaire5/app/Http/Middleware/RoleMiddleware.php", "PHP", 0, 15, 0, 0, 0, 0, 0, 0, 0, 6, 21
"/home/zougmore/annuaire5/app/Http/Middleware/ShareNotifications.php", "PHP", 0, 18, 0, 0, 0, 0, 0, 0, 0, 9, 27
"/home/zougmore/annuaire5/app/Http/Middleware/ValidateProfilePhoto.php", "PHP", 0, 12, 0, 0, 0, 0, 0, 0, 5, 4, 21
"/home/zougmore/annuaire5/app/Http/Requests/Auth/LoginRequest.php", "PHP", 0, 51, 0, 0, 0, 0, 0, 0, 21, 14, 86
"/home/zougmore/annuaire5/app/Http/Requests/ProfileUpdateRequest.php", "PHP", 0, 37, 0, 0, 0, 0, 0, 0, 8, 4, 49
"/home/zougmore/annuaire5/app/Http/Requests/StoreLeaveRequest.php", "PHP", 0, 36, 0, 0, 0, 0, 0, 0, 8, 7, 51
"/home/zougmore/annuaire5/app/Jobs/ProcessScheduledNotifications.php", "PHP", 0, 14, 0, 0, 0, 0, 0, 0, 8, 6, 28
"/home/zougmore/annuaire5/app/Models/Conge.php", "PHP", 0, 80, 0, 0, 0, 0, 0, 0, 3, 16, 99
"/home/zougmore/annuaire5/app/Models/Demande.php", "PHP", 0, 222, 0, 0, 0, 0, 0, 0, 8, 50, 280
"/home/zougmore/annuaire5/app/Models/Direction.php", "PHP", 0, 21, 0, 0, 0, 0, 0, 0, 6, 6, 33
"/home/zougmore/annuaire5/app/Models/Historique.php", "PHP", 0, 0, 0, 0, 0, 0, 0, 0, 0, 1, 1
"/home/zougmore/annuaire5/app/Models/Leave/LeaveCalculator.php", "PHP", 0, 12, 0, 0, 0, 0, 0, 0, 0, 1, 13
"/home/zougmore/annuaire5/app/Models/Leave/LeaveNotifier.php", "PHP", 0, 0, 0, 0, 0, 0, 0, 0, 0, 1, 1
"/home/zougmore/annuaire5/app/Models/Leave/LeaveValidator.php", "PHP", 0, 17, 0, 0, 0, 0, 0, 0, 0, 4, 21
"/home/zougmore/annuaire5/app/Models/LeavePeriod.php", "PHP", 0, 6, 0, 0, 0, 0, 0, 0, 1, 4, 11
"/home/zougmore/annuaire5/app/Models/LeaveSetting.php", "PHP", 0, 21, 0, 0, 0, 0, 0, 0, 1, 4, 26
"/home/zougmore/annuaire5/app/Models/LeaveType.php", "PHP", 0, 6, 0, 0, 0, 0, 0, 0, 1, 4, 11
"/home/zougmore/annuaire5/app/Models/Notification.php", "PHP", 0, 0, 0, 0, 0, 0, 0, 0, 0, 1, 1
"/home/zougmore/annuaire5/app/Models/Parametre.php", "PHP", 0, 34, 0, 0, 0, 0, 0, 0, 4, 6, 44
"/home/zougmore/annuaire5/app/Models/Poste.php", "PHP", 0, 11, 0, 0, 0, 0, 0, 0, 0, 5, 16
"/home/zougmore/annuaire5/app/Models/QuotaUtilisateur.php", "PHP", 0, 49, 0, 0, 0, 0, 0, 0, 8, 12, 69
"/home/zougmore/annuaire5/app/Models/Rapport.php", "PHP", 0, 86, 0, 0, 0, 0, 0, 0, 3, 15, 104
"/home/zougmore/annuaire5/app/Models/ScheduledNotification.php", "PHP", 0, 6, 0, 0, 0, 0, 0, 0, 1, 4, 11
"/home/zougmore/annuaire5/app/Models/SystemSetting.php", "PHP", 0, 155, 0, 0, 0, 0, 0, 0, 5, 38, 198
"/home/zougmore/annuaire5/app/Models/Traitement.php", "PHP", 0, 0, 0, 0, 0, 0, 0, 0, 0, 1, 1
"/home/zougmore/annuaire5/app/Models/TypeConge.php", "PHP", 0, 6, 0, 0, 0, 0, 0, 0, 1, 4, 11
"/home/zougmore/annuaire5/app/Models/TypeDemande.php", "PHP", 0, 0, 0, 0, 0, 0, 0, 0, 0, 1, 1
"/home/zougmore/annuaire5/app/Models/User.php", "PHP", 0, 214, 0, 0, 0, 0, 0, 0, 24, 40, 278
"/home/zougmore/annuaire5/app/Models/UserLeaveQuota.php", "PHP", 0, 6, 0, 0, 0, 0, 0, 0, 1, 4, 11
"/home/zougmore/annuaire5/app/Notifications/DemandeNotification.php", "PHP", 0, 38, 0, 0, 0, 0, 0, 0, 12, 8, 58
"/home/zougmore/annuaire5/app/Notifications/DemandeSoumise.php", "PHP", 0, 39, 0, 0, 0, 0, 0, 0, 18, 10, 67
"/home/zougmore/annuaire5/app/Notifications/DemandeTraitee.php", "PHP", 0, 39, 0, 0, 0, 0, 0, 0, 17, 7, 63
"/home/zougmore/annuaire5/app/Notifications/LeaveReminderNotification.php", "PHP", 0, 29, 0, 0, 0, 0, 0, 0, 18, 8, 55
"/home/zougmore/annuaire5/app/Notifications/NotificationGenerale.php", "PHP", 0, 29, 0, 0, 0, 0, 0, 0, 18, 8, 55
"/home/zougmore/annuaire5/app/Policies/DemandePolicy.php", "PHP", 0, 25, 0, 0, 0, 0, 0, 0, 13, 6, 44
"/home/zougmore/annuaire5/app/Policies/RapportPolicy.php", "PHP", 0, 46, 0, 0, 0, 0, 0, 0, 29, 11, 86
"/home/zougmore/annuaire5/app/Providers/AppServiceProvider.php", "PHP", 0, 22, 0, 0, 0, 0, 0, 0, 11, 11, 44
"/home/zougmore/annuaire5/app/Providers/AuthServiceProvider.php", "PHP", 0, 16, 0, 0, 0, 0, 0, 0, 9, 5, 30
"/home/zougmore/annuaire5/app/Providers/RouteServiceProvider.php", "PHP", 0, 45, 0, 0, 0, 0, 0, 0, 9, 10, 64
"/home/zougmore/annuaire5/app/Providers/ServiceServiceProvider.php", "PHP", 0, 15, 0, 0, 0, 0, 0, 0, 8, 5, 28
"/home/zougmore/annuaire5/app/Services/CongeService.php", "PHP", 0, 162, 0, 0, 0, 0, 0, 0, 30, 34, 226
"/home/zougmore/annuaire5/app/Services/LdapAuthService.php", "PHP", 0, 143, 0, 0, 0, 0, 0, 0, 21, 30, 194
"/home/zougmore/annuaire5/app/Services/LeaveService.php", "PHP", 0, 44, 0, 0, 0, 0, 0, 0, 10, 9, 63
"/home/zougmore/annuaire5/app/Services/LeaveValidationService.php", "PHP", 0, 18, 0, 0, 0, 0, 0, 0, 1, 4, 23
"/home/zougmore/annuaire5/app/Services/NotificationService.php", "PHP", 0, 184, 0, 0, 0, 0, 0, 0, 7, 36, 227
"/home/zougmore/annuaire5/app/Services/RoleService.php", "PHP", 0, 37, 0, 0, 0, 0, 0, 0, 0, 8, 45
"/home/zougmore/annuaire5/app/Traits/HasRoleChecks.php", "PHP", 0, 37, 0, 0, 0, 0, 0, 0, 9, 7, 53
"/home/zougmore/annuaire5/app/View/Components/AppLayout.php", "PHP", 0, 11, 0, 0, 0, 0, 0, 0, 3, 4, 18
"/home/zougmore/annuaire5/app/View/Components/GuestLayout.php", "PHP", 0, 11, 0, 0, 0, 0, 0, 0, 3, 4, 18
"/home/zougmore/annuaire5/backup.sql", "MS SQL", 0, 0, 0, 0, 0, 0, 0, 32, 0, 1, 33
"/home/zougmore/annuaire5/bootstrap/app.php", "PHP", 0, 14, 0, 0, 0, 0, 0, 0, 2, 3, 19
"/home/zougmore/annuaire5/bootstrap/providers.php", "PHP", 0, 5, 0, 0, 0, 0, 0, 0, 0, 2, 7
"/home/zougmore/annuaire5/composer.json", "JSON", 0, 0, 83, 0, 0, 0, 0, 0, 0, 1, 84
"/home/zougmore/annuaire5/composer.lock", "JSON", 0, 0, 10406, 0, 0, 0, 0, 0, 0, 1, 10407
"/home/zougmore/annuaire5/config/app.php", "PHP", 0, 23, 0, 0, 0, 0, 0, 0, 82, 22, 127
"/home/zougmore/annuaire5/config/auth.php", "PHP", 0, 29, 0, 0, 0, 0, 0, 0, 74, 14, 117
"/home/zougmore/annuaire5/config/cache.php", "PHP", 0, 57, 0, 0, 0, 0, 0, 0, 34, 18, 109
"/home/zougmore/annuaire5/config/conges.php", "PHP", 0, 36, 0, 0, 0, 0, 0, 0, 1, 4, 41
"/home/zougmore/annuaire5/config/database.php", "PHP", 0, 109, 0, 0, 0, 0, 0, 0, 43, 23, 175
"/home/zougmore/annuaire5/config/dompdf.php", "PHP", 0, 33, 0, 0, 0, 0, 0, 0, 243, 26, 302
"/home/zougmore/annuaire5/config/excel.php", "PHP", 0, 105, 0, 0, 0, 0, 0, 0, 247, 29, 381
"/home/zougmore/annuaire5/config/filesystems.php", "PHP", 0, 36, 0, 0, 0, 0, 0, 0, 32, 13, 81
"/home/zougmore/annuaire5/config/ldap.php", "PHP", 0, 26, 0, 0, 0, 0, 0, 0, 0, 3, 29
"/home/zougmore/annuaire5/config/logging.php", "PHP", 0, 79, 0, 0, 0, 0, 0, 0, 33, 21, 133
"/home/zougmore/annuaire5/config/mail.php", "PHP", 0, 57, 0, 0, 0, 0, 0, 0, 43, 19, 119
"/home/zougmore/annuaire5/config/permission.php", "PHP", 0, 34, 0, 0, 0, 0, 0, 0, 121, 48, 203
"/home/zougmore/annuaire5/config/queue.php", "PHP", 0, 52, 0, 0, 0, 0, 0, 0, 44, 17, 113
"/home/zougmore/annuaire5/config/sanctum.php", "PHP", 0, 17, 0, 0, 0, 0, 0, 0, 54, 14, 85
"/home/zougmore/annuaire5/config/services.php", "PHP", 0, 20, 0, 0, 0, 0, 0, 0, 11, 8, 39
"/home/zougmore/annuaire5/config/session.php", "PHP", 0, 23, 0, 0, 0, 0, 0, 0, 160, 35, 218
"/home/zougmore/annuaire5/database/factories/UserFactory.php", "PHP", 0, 30, 0, 0, 0, 0, 0, 0, 14, 6, 50
"/home/zougmore/annuaire5/database/migrations/2025_08_14_125431_create_parametres_table.php", "PHP", 0, 24, 0, 0, 0, 0, 0, 0, 6, 4, 34
"/home/zougmore/annuaire5/database/migrations/2025_08_14_125512_create_permission_tables.php", "PHP", 0, 60, 0, 0, 0, 0, 0, 0, 6, 8, 74
"/home/zougmore/annuaire5/database/migrations/2025_08_16_124846_create_cache_table.php", "PHP", 0, 25, 0, 0, 0, 0, 0, 0, 6, 5, 36
"/home/zougmore/annuaire5/database/migrations/2025_08_17_132954_create_users_table.php", "PHP", 0, 26, 0, 0, 0, 0, 0, 0, 3, 4, 33
"/home/zougmore/annuaire5/database/migrations/2025_08_22_080139_add_photo_to_users_table.php", "PHP", 0, 19, 0, 0, 0, 0, 0, 0, 8, 5, 32
"/home/zougmore/annuaire5/database/migrations/2025_08_22_201852_add_missing_columns_to_users_table.php", "PHP", 0, 27, 0, 0, 0, 0, 0, 0, 3, 7, 37
"/home/zougmore/annuaire5/database/migrations/2025_08_23_104147_add_poste_and_date_embauche_to_users_table.php", "PHP", 0, 24, 0, 0, 0, 0, 0, 0, 2, 4, 30
"/home/zougmore/annuaire5/database/migrations/2025_08_23_220446_create_demandes_table.php", "PHP", 0, 26, 0, 0, 0, 0, 0, 0, 6, 4, 36
"/home/zougmore/annuaire5/database/migrations/2025_08_24_015101_add_motif_to_demandes_table.php", "PHP", 0, 21, 0, 0, 0, 0, 0, 0, 3, 4, 28
"/home/zougmore/annuaire5/database/migrations/2025_08_24_015658_fix_demandes_table_structure.php", "PHP", 0, 17, 0, 0, 0, 0, 0, 0, 8, 4, 29
"/home/zougmore/annuaire5/database/migrations/2025_08_24_155332_add_duree_urgence_to_demandes_table.php", "PHP", 0, 18, 0, 0, 0, 0, 0, 0, 7, 4, 29
"/home/zougmore/annuaire5/database/migrations/2025_08_26_092252_add_direction_to_users_table.php", "PHP", 0, 19, 0, 0, 0, 0, 0, 0, 0, 4, 23
"/home/zougmore/annuaire5/database/migrations/2025_08_26_152421_add_role_to_users_table.php", "PHP", 0, 23, 0, 0, 0, 0, 0, 0, 2, 5, 30
"/home/zougmore/annuaire5/database/migrations/2025_08_26_162259_add_is_active_to_users_table.php", "PHP", 0, 36, 0, 0, 0, 0, 0, 0, 7, 4, 47
"/home/zougmore/annuaire5/database/migrations/2025_08_27_232729_add_justificatif_to_demandes_table.php", "PHP", 0, 20, 0, 0, 0, 0, 0, 0, 3, 4, 27
"/home/zougmore/annuaire5/database/migrations/2025_09_02_084657_add_commentaire_drh_to_demandes_table.php", "PHP", 0, 27, 0, 0, 0, 0, 0, 0, 0, 3, 30
"/home/zougmore/annuaire5/database/migrations/2025_09_03_140930_add_traite_columns_to_demandes_table.php", "PHP", 0, 21, 0, 0, 0, 0, 0, 0, 0, 3, 24
"/home/zougmore/annuaire5/database/migrations/2025_09_06_172032_add_quota_columns_to_demandes_table.php", "PHP", 0, 44, 0, 0, 0, 0, 0, 0, 2, 6, 52
"/home/zougmore/annuaire5/database/migrations/2025_09_11_000347_create_rapports_table_complete.php", "PHP", 0, 25, 0, 0, 0, 0, 0, 0, 3, 3, 31
"/home/zougmore/annuaire5/database/migrations/2025_09_13_181619_create_types_conges_table.php", "PHP", 0, 21, 0, 0, 0, 0, 0, 0, 8, 4, 33
"/home/zougmore/annuaire5/database/migrations/2025_09_13_190753_add_sexe_to_users_table.php", "PHP", 0, 21, 0, 0, 0, 0, 0, 0, 3, 6, 30
"/home/zougmore/annuaire5/database/migrations/2025_09_14_103204_create_password_reset_tokens_table.php", "PHP", 0, 19, 0, 0, 0, 0, 0, 0, 0, 3, 22
"/home/zougmore/annuaire5/database/migrations/2025_09_14_205709_create_notifications_table.php", "PHP", 0, 22, 0, 0, 0, 0, 0, 0, 6, 4, 32
"/home/zougmore/annuaire5/database/migrations/2025_09_15_170517_add_jours_disponibles_to_quotas_utilisateurs_table.php", "PHP", 0, 21, 0, 0, 0, 0, 0, 0, 0, 3, 24
"/home/zougmore/annuaire5/database/migrations/2025_09_15_233149_create_directions_table.php", "PHP", 0, 21, 0, 0, 0, 0, 0, 0, 6, 5, 32
"/home/zougmore/annuaire5/database/migrations/2025_09_15_233149_create_postes_table.php", "PHP", 0, 19, 0, 0, 0, 0, 0, 0, 6, 5, 30
"/home/zougmore/annuaire5/database/migrations/2025_09_15_233553_add_direction_id_and_poste_id_to_users_table.php", "PHP", 0, 19, 0, 0, 0, 0, 0, 0, 7, 5, 31
"/home/zougmore/annuaire5/database/migrations/2025_09_16_030854_update_directions_table.php", "PHP", 0, 34, 0, 0, 0, 0, 0, 0, 4, 3, 41
"/home/zougmore/annuaire5/database/seeders/CongesTestSeeder.php", "PHP", 0, 46, 0, 0, 0, 0, 0, 0, 3, 10, 59
"/home/zougmore/annuaire5/database/seeders/DatabaseSeeder.php", "PHP", 0, 25, 0, 0, 0, 0, 0, 0, 7, 7, 39
"/home/zougmore/annuaire5/database/seeders/DirectionsTableSeeder.php", "PHP", 0, 24, 0, 0, 0, 0, 0, 0, 0, 5, 29
"/home/zougmore/annuaire5/database/seeders/ParametreSeeder.php", "PHP", 0, 33, 0, 0, 0, 0, 0, 0, 4, 5, 42
"/home/zougmore/annuaire5/database/seeders/RoleSeeder.php", "PHP", 0, 14, 0, 0, 0, 0, 0, 0, 0, 5, 19
"/home/zougmore/annuaire5/database/seeders/SettingsSeeder.php", "PHP", 0, 10, 0, 0, 0, 0, 0, 0, 4, 4, 18
"/home/zougmore/annuaire5/database/seeders/TypesCongesSeeder.php", "PHP", 0, 16, 0, 0, 0, 0, 0, 0, 3, 5, 24
"/home/zougmore/annuaire5/package-lock.json", "JSON", 0, 0, 4398, 0, 0, 0, 0, 0, 0, 1, 4399
"/home/zougmore/annuaire5/package.json", "JSON", 0, 0, 24, 0, 0, 0, 0, 0, 0, 1, 25
"/home/zougmore/annuaire5/phpunit.xml", "XML", 0, 0, 0, 34, 0, 0, 0, 0, 0, 1, 35
"/home/zougmore/annuaire5/postcss.config.js", "JavaScript", 6, 0, 0, 0, 0, 0, 0, 0, 0, 1, 7
"/home/zougmore/annuaire5/public/css/app.css", "PostCSS", 0, 0, 0, 0, 0, 0, 820, 0, 36, 141, 997
"/home/zougmore/annuaire5/public/index.php", "PHP", 0, 10, 0, 0, 0, 0, 0, 0, 4, 7, 21
"/home/zougmore/annuaire5/resources/css/app.css", "PostCSS", 0, 0, 0, 0, 0, 0, 3, 0, 0, 2, 5
"/home/zougmore/annuaire5/resources/js/app.js", "JavaScript", 4, 0, 0, 0, 0, 0, 0, 0, 0, 4, 8
"/home/zougmore/annuaire5/resources/js/bootstrap.js", "JavaScript", 4, 0, 0, 0, 0, 0, 0, 0, 23, 8, 35
"/home/zougmore/annuaire5/resources/sass/_variables.scss", "SCSS", 0, 0, 0, 0, 0, 4, 0, 0, 2, 2, 8
"/home/zougmore/annuaire5/resources/sass/app.scss", "SCSS", 0, 0, 0, 0, 0, 3, 0, 0, 3, 3, 9
"/home/zougmore/annuaire5/resources/views/admin/dashboard.blade.php", "PHP", 0, 62, 0, 0, 0, 0, 0, 0, 0, 9, 71
"/home/zougmore/annuaire5/resources/views/admin/parametres/create.blade.php", "PHP", 0, 130, 0, 0, 0, 0, 0, 0, 0, 10, 140
"/home/zougmore/annuaire5/resources/views/admin/parametres/edit.blade.php", "PHP", 0, 30, 0, 0, 0, 0, 0, 0, 0, 6, 36
"/home/zougmore/annuaire5/resources/views/admin/parametres/index.blade.php", "PHP", 0, 82, 0, 0, 0, 0, 0, 0, 0, 4, 86
"/home/zougmore/annuaire5/resources/views/admin/planning.blade.php", "PHP", 0, 45, 0, 0, 0, 0, 0, 0, 0, 4, 49
"/home/zougmore/annuaire5/resources/views/admin/settings/index.php", "PHP", 0, 372, 0, 0, 0, 0, 0, 0, 1, 18, 391
"/home/zougmore/annuaire5/resources/views/admin/settings/modals/add-leave-type.blade.php", "PHP", 0, 413, 0, 0, 0, 0, 0, 0, 0, 19, 432
"/home/zougmore/annuaire5/resources/views/admin/settings/user-quotas.blade.php", "PHP", 0, 337, 0, 0, 0, 0, 0, 0, 10, 24, 371
"/home/zougmore/annuaire5/resources/views/admin/statistiques.blade.php", "PHP", 0, 24, 0, 0, 0, 0, 0, 0, 0, 3, 27
"/home/zougmore/annuaire5/resources/views/admin/utilisateurs/create.blade.php", "PHP", 0, 194, 0, 0, 0, 0, 0, 0, 0, 23, 217
"/home/zougmore/annuaire5/resources/views/admin/utilisateurs/edit.blade.php", "PHP", 0, 192, 0, 0, 0, 0, 0, 0, 0, 20, 212
"/home/zougmore/annuaire5/resources/views/admin/utilisateurs/index.blade.php", "PHP", 0, 164, 0, 0, 0, 0, 0, 0, 0, 11, 175
"/home/zougmore/annuaire5/resources/views/agent/dashboard.blade.php", "PHP", 0, 117, 0, 0, 0, 0, 0, 0, 5, 20, 142
"/home/zougmore/annuaire5/resources/views/agent/demande/create.blade.php", "PHP", 0, 220, 0, 0, 0, 0, 0, 0, 3, 24, 247
"/home/zougmore/annuaire5/resources/views/agent/demande/index.blade.php", "PHP", 0, 172, 0, 0, 0, 0, 0, 0, 0, 7, 179
"/home/zougmore/annuaire5/resources/views/agent/mes-demandes.blade.php", "PHP", 0, 65, 0, 0, 0, 0, 0, 0, 0, 4, 69
"/home/zougmore/annuaire5/resources/views/auth/confirm-password.blade.php", "PHP", 0, 22, 0, 0, 0, 0, 0, 0, 0, 6, 28
"/home/zougmore/annuaire5/resources/views/auth/forgot-password.blade.php", "PHP", 0, 35, 0, 0, 0, 0, 0, 0, 0, 7, 42
"/home/zougmore/annuaire5/resources/views/auth/login.blade.php", "PHP", 0, 175, 0, 0, 0, 0, 0, 0, 2, 18, 195
"/home/zougmore/annuaire5/resources/views/auth/passwords/confirm.blade.php", "PHP", 0, 41, 0, 0, 0, 0, 0, 0, 0, 9, 50
"/home/zougmore/annuaire5/resources/views/auth/passwords/email.blade.php", "PHP", 0, 40, 0, 0, 0, 0, 0, 0, 0, 8, 48
"/home/zougmore/annuaire5/resources/views/auth/passwords/reset.blade.php", "PHP", 0, 53, 0, 0, 0, 0, 0, 0, 0, 13, 66
"/home/zougmore/annuaire5/resources/views/auth/register.blade.php", "PHP", 0, 272, 0, 0, 0, 0, 0, 0, 0, 23, 295
"/home/zougmore/annuaire5/resources/views/auth/reset-password.blade.php", "PHP", 0, 246, 0, 0, 0, 0, 0, 0, 1, 19, 266
"/home/zougmore/annuaire5/resources/views/auth/verify-email.blade.php", "PHP", 0, 26, 0, 0, 0, 0, 0, 0, 0, 6, 32
"/home/zougmore/annuaire5/resources/views/auth/verify.blade.php", "PHP", 0, 25, 0, 0, 0, 0, 0, 0, 0, 4, 29
"/home/zougmore/annuaire5/resources/views/components/application-logo.blade.php", "PHP", 0, 3, 0, 0, 0, 0, 0, 0, 0, 1, 4
"/home/zougmore/annuaire5/resources/views/components/auth-session-status.blade.php", "PHP", 0, 6, 0, 0, 0, 0, 0, 0, 0, 2, 8
"/home/zougmore/annuaire5/resources/views/components/danger-button.blade.php", "PHP", 0, 3, 0, 0, 0, 0, 0, 0, 0, 1, 4
"/home/zougmore/annuaire5/resources/views/components/dropdown-link.blade.php", "PHP", 0, 1, 0, 0, 0, 0, 0, 0, 0, 1, 2
"/home/zougmore/annuaire5/resources/views/components/dropdown.blade.php", "PHP", 0, 31, 0, 0, 0, 0, 0, 0, 0, 5, 36
"/home/zougmore/annuaire5/resources/views/components/input-error.blade.php", "PHP", 0, 8, 0, 0, 0, 0, 0, 0, 0, 2, 10
"/home/zougmore/annuaire5/resources/views/components/input-label.blade.php", "PHP", 0, 4, 0, 0, 0, 0, 0, 0, 0, 2, 6
"/home/zougmore/annuaire5/resources/views/components/modal.blade.php", "PHP", 0, 73, 0, 0, 0, 0, 0, 0, 2, 4, 79
"/home/zougmore/annuaire5/resources/views/components/nav-link.blade.php", "PHP", 0, 9, 0, 0, 0, 0, 0, 0, 0, 3, 12
"/home/zougmore/annuaire5/resources/views/components/primary-button.blade.php", "PHP", 0, 3, 0, 0, 0, 0, 0, 0, 0, 1, 4
"/home/zougmore/annuaire5/resources/views/components/responsive-nav-link.blade.php", "PHP", 0, 9, 0, 0, 0, 0, 0, 0, 0, 3, 12
"/home/zougmore/annuaire5/resources/views/components/secondary-button.blade.php", "PHP", 0, 3, 0, 0, 0, 0, 0, 0, 0, 1, 4
"/home/zougmore/annuaire5/resources/views/components/text-input.blade.php", "PHP", 0, 2, 0, 0, 0, 0, 0, 0, 0, 2, 4
"/home/zougmore/annuaire5/resources/views/dashboard.blade.php", "PHP", 0, 16, 0, 0, 0, 0, 0, 0, 0, 2, 18
"/home/zougmore/annuaire5/resources/views/dashboards/drh.blade.php", "PHP", 0, 7, 0, 0, 0, 0, 0, 0, 0, 2, 9
"/home/zougmore/annuaire5/resources/views/dashboards/president.blade.php", "PHP", 0, 7, 0, 0, 0, 0, 0, 0, 0, 2, 9
"/home/zougmore/annuaire5/resources/views/dashboards/responsable.blade.php", "PHP", 0, 7, 0, 0, 0, 0, 0, 0, 0, 2, 9
"/home/zougmore/annuaire5/resources/views/dashboards/sg.blade.php", "PHP", 0, 7, 0, 0, 0, 0, 0, 0, 0, 2, 9
"/home/zougmore/annuaire5/resources/views/demandes/create.blade.php", "PHP", 0, 184, 0, 0, 0, 0, 0, 0, 7, 33, 224
"/home/zougmore/annuaire5/resources/views/demandes/edit.blade.php", "PHP", 0, 179, 0, 0, 0, 0, 0, 0, 6, 20, 205
"/home/zougmore/annuaire5/resources/views/demandes/index.blade.php", "PHP", 0, 134, 0, 0, 0, 0, 0, 0, 0, 9, 143
"/home/zougmore/annuaire5/resources/views/demandes/partials/actions.blade.php", "PHP", 0, 118, 0, 0, 0, 0, 0, 0, 0, 9, 127
"/home/zougmore/annuaire5/resources/views/demandes/partials/basic-info.blade.php", "PHP", 0, 56, 0, 0, 0, 0, 0, 0, 0, 5, 61
"/home/zougmore/annuaire5/resources/views/demandes/partials/content.blade.php", "PHP", 0, 72, 0, 0, 0, 0, 0, 0, 0, 4, 76
"/home/zougmore/annuaire5/resources/views/demandes/partials/header.blade.php", "PHP", 0, 55, 0, 0, 0, 0, 0, 0, 0, 1, 56
"/home/zougmore/annuaire5/resources/views/demandes/partials/main-info.blade.php", "PHP", 0, 45, 0, 0, 0, 0, 0, 0, 0, 3, 48
"/home/zougmore/annuaire5/resources/views/demandes/partials/period-info.blade.php", "PHP", 0, 81, 0, 0, 0, 0, 0, 0, 0, 7, 88
"/home/zougmore/annuaire5/resources/views/demandes/partials/status-badge.blade.php", "PHP", 0, 34, 0, 0, 0, 0, 0, 0, 1, 1, 36
"/home/zougmore/annuaire5/resources/views/demandes/partials/status-icon.blade.php", "PHP", 0, 33, 0, 0, 0, 0, 0, 0, 0, 1, 34
"/home/zougmore/annuaire5/resources/views/demandes/partials/timeline.blade.php", "PHP", 0, 182, 0, 0, 0, 0, 0, 0, 0, 11, 193
"/home/zougmore/annuaire5/resources/views/demandes/partials/toutes-demandes.blade.php", "PHP", 0, 43, 0, 0, 0, 0, 0, 0, 0, 3, 46
"/home/zougmore/annuaire5/resources/views/demandes/show.blade.php", "PHP", 0, 108, 0, 0, 0, 0, 0, 0, 0, 10, 118
"/home/zougmore/annuaire5/resources/views/drh/dashboard.blade.php", "PHP", 0, 487, 0, 0, 0, 0, 0, 0, 6, 43, 536
"/home/zougmore/annuaire5/resources/views/drh/demande-show.blade.php", "PHP", 0, 349, 0, 0, 0, 0, 0, 0, 0, 20, 369
"/home/zougmore/annuaire5/resources/views/drh/mes-demandes.blade.php", "PHP", 0, 80, 0, 0, 0, 0, 0, 0, 0, 2, 82
"/home/zougmore/annuaire5/resources/views/drh/rapports/create.blade.php", "PHP", 0, 382, 0, 0, 0, 0, 0, 0, 10, 57, 449
"/home/zougmore/annuaire5/resources/views/drh/rapports/index.blade.php", "PHP", 0, 396, 0, 0, 0, 0, 0, 0, 9, 59, 464
"/home/zougmore/annuaire5/resources/views/drh/rapports/pdf.blade.php", "PHP", 0, 124, 0, 0, 0, 0, 0, 0, 0, 5, 129
"/home/zougmore/annuaire5/resources/views/drh/rapports/show.blade.php", "PHP", 0, 391, 0, 0, 0, 0, 0, 0, 11, 57, 459
"/home/zougmore/annuaire5/resources/views/drh/toutes-demandes.blade.php", "PHP", 0, 93, 0, 0, 0, 0, 0, 0, 0, 2, 95
"/home/zougmore/annuaire5/resources/views/home.blade.php", "PHP", 0, 20, 0, 0, 0, 0, 0, 0, 0, 4, 24
"/home/zougmore/annuaire5/resources/views/layouts/admin.blade.php", "PHP", 0, 27, 0, 0, 0, 0, 0, 0, 0, 5, 32
"/home/zougmore/annuaire5/resources/views/layouts/app.blade.php", "PHP", 0, 76, 0, 0, 0, 0, 0, 0, 1, 20, 97
"/home/zougmore/annuaire5/resources/views/layouts/footer.blade.php", "PHP", 0, 151, 0, 0, 0, 0, 0, 0, 1, 10, 162
"/home/zougmore/annuaire5/resources/views/layouts/guest.blade.php", "PHP", 0, 31, 0, 0, 0, 0, 0, 0, 0, 7, 38
"/home/zougmore/annuaire5/resources/views/layouts/header.blade.php", "PHP", 0, 193, 0, 0, 0, 0, 0, 0, 3, 19, 215
"/home/zougmore/annuaire5/resources/views/layouts/navigation.blade.php", "PHP", 0, 75, 0, 0, 0, 0, 0, 0, 0, 11, 86
"/home/zougmore/annuaire5/resources/views/notifications/index.blade.php", "PHP", 0, 20, 0, 0, 0, 0, 0, 0, 0, 3, 23
"/home/zougmore/annuaire5/resources/views/president/dashboard.blade.php", "PHP", 0, 393, 0, 0, 0, 0, 0, 0, 6, 28, 427
"/home/zougmore/annuaire5/resources/views/president/demandes-show.blade.php", "PHP", 0, 265, 0, 0, 0, 0, 0, 0, 1, 19, 285
"/home/zougmore/annuaire5/resources/views/profile/edit.blade.php", "PHP", 0, 212, 0, 0, 0, 0, 0, 0, 0, 23, 235
"/home/zougmore/annuaire5/resources/views/profile/partials/delete-user-form.blade.php", "PHP", 0, 45, 0, 0, 0, 0, 0, 0, 0, 11, 56
"/home/zougmore/annuaire5/resources/views/profile/partials/update-password-form.blade.php", "PHP", 0, 41, 0, 0, 0, 0, 0, 0, 0, 8, 49
"/home/zougmore/annuaire5/resources/views/profile/partials/update-profile-information-form.blade.php", "PHP", 0, 54, 0, 0, 0, 0, 0, 0, 0, 11, 65
"/home/zougmore/annuaire5/resources/views/profile/show.blade.php", "PHP", 0, 143, 0, 0, 0, 0, 0, 0, 0, 12, 155
"/home/zougmore/annuaire5/resources/views/responsable/dashboard.blade.php", "PHP", 0, 435, 0, 0, 0, 0, 0, 0, 7, 36, 478
"/home/zougmore/annuaire5/resources/views/responsable/mes-demandes.blade.php", "PHP", 0, 192, 0, 0, 0, 0, 0, 0, 0, 8, 200
"/home/zougmore/annuaire5/resources/views/sg/dashboard.blade.php", "PHP", 0, 393, 0, 0, 0, 0, 0, 0, 6, 28, 427
"/home/zougmore/annuaire5/resources/views/sg/demandes-show.blade.php", "PHP", 0, 265, 0, 0, 0, 0, 0, 0, 1, 19, 285
"/home/zougmore/annuaire5/resources/views/users/create.blade.php", "PHP", 0, 29, 0, 0, 0, 0, 0, 0, 0, 12, 41
"/home/zougmore/annuaire5/resources/views/users/edit.blade.php", "PHP", 0, 0, 0, 0, 0, 0, 0, 0, 0, 1, 1
"/home/zougmore/annuaire5/resources/views/users/index.php", "PHP", 0, 35, 0, 0, 0, 0, 0, 0, 0, 5, 40
"/home/zougmore/annuaire5/resources/views/users/show.blade.php", "PHP", 0, 0, 0, 0, 0, 0, 0, 0, 0, 1, 1
"/home/zougmore/annuaire5/resources/views/welcome.blade.php", "PHP", 0, 102, 0, 0, 0, 0, 0, 0, 0, 14, 116
"/home/zougmore/annuaire5/routes/api.php", "PHP", 0, 14, 0, 0, 0, 0, 0, 0, 11, 5, 30
"/home/zougmore/annuaire5/routes/auth.php", "PHP", 0, 40, 0, 0, 0, 0, 0, 0, 4, 16, 60
"/home/zougmore/annuaire5/routes/console.php", "PHP", 0, 6, 0, 0, 0, 0, 0, 0, 0, 3, 9
"/home/zougmore/annuaire5/routes/web.php", "PHP", 0, 242, 0, 0, 0, 0, 0, 0, 60, 55, 357
"/home/zougmore/annuaire5/tailwind.config.js", "JavaScript", 17, 0, 0, 0, 0, 0, 0, 0, 1, 4, 22
"/home/zougmore/annuaire5/test-route.php", "PHP", 0, 13, 0, 0, 0, 0, 0, 0, 1, 4, 18
"/home/zougmore/annuaire5/tests/Feature/Auth/AuthenticationTest.php", "PHP", 0, 29, 0, 0, 0, 0, 0, 0, 0, 13, 42
"/home/zougmore/annuaire5/tests/Feature/Auth/EmailVerificationTest.php", "PHP", 0, 33, 0, 0, 0, 0, 0, 0, 0, 14, 47
"/home/zougmore/annuaire5/tests/Feature/Auth/PasswordConfirmationTest.php", "PHP", 0, 22, 0, 0, 0, 0, 0, 0, 0, 11, 33
"/home/zougmore/annuaire5/tests/Feature/Auth/PasswordResetTest.php", "PHP", 0, 41, 0, 0, 0, 0, 0, 0, 0, 20, 61
"/home/zougmore/annuaire5/tests/Feature/Auth/PasswordUpdateTest.php", "PHP", 0, 32, 0, 0, 0, 0, 0, 0, 0, 9, 41
"/home/zougmore/annuaire5/tests/Feature/Auth/RegistrationTest.php", "PHP", 0, 15, 0, 0, 0, 0, 0, 0, 0, 5, 20
"/home/zougmore/annuaire5/tests/Feature/ExampleTest.php", "PHP", 0, 5, 0, 0, 0, 0, 0, 0, 0, 3, 8
"/home/zougmore/annuaire5/tests/Feature/ProfileTest.php", "PHP", 0, 64, 0, 0, 0, 0, 0, 0, 0, 22, 86
"/home/zougmore/annuaire5/tests/Pest.php", "PHP", 0, 10, 0, 0, 0, 0, 0, 0, 31, 7, 48
"/home/zougmore/annuaire5/tests/TestCase.php", "PHP", 0, 6, 0, 0, 0, 0, 0, 0, 1, 4, 11
"/home/zougmore/annuaire5/tests/Unit/ExampleTest.php", "PHP", 0, 4, 0, 0, 0, 0, 0, 0, 0, 2, 6
"/home/zougmore/annuaire5/vite.config.js", "JavaScript", 13, 0, 0, 0, 0, 0, 0, 0, 0, 2, 15
"Total", "-", 44, 18732, 14911, 34, 40, 7, 823, 32, 3016, 3406, 41045